Training File,Prediction File,Variable,Baseline,Lower Limit,Upper Limit,MAE,RMSE,MAPE,R2,False Positive Rate,False Negative Rate,False Positives,False Negatives,False Alert Rate,Total Samples,False Alerts
SD5.csv,SD1.csv,systolic_blood_pressure,45.1675,31.617249999999995,58.717749999999995,0.9015778421353893,1.145406719756568,1.3283230193641573,0.9972539986913721,0.033776867963152504,0.004705144291091593,33,15,0.011524609843937574,4165,48
SD5.csv,SD1.csv,diastolic_blood_pressure,26.02,18.214,33.826,1.2022178976895883,1.3675775668835124,3.013727980527277,0.9922271118437083,0.22698072805139186,0.00027041644131963225,106,1,0.025690276110444176,4165,107
SD5.csv,SD1.csv,pulse_rate,143.7275,100.60924999999999,186.84575,5.5587576107103,6.388915392614207,3.465689286025923,0.9377514350194603,0.0,0.1793478260869565,0,99,0.02376950780312125,4165,99
SD5.csv,SD4.csv,systolic_blood_pressure,63.28,44.296,82.26400000000001,1.7508431138110763,2.6370296036644967,2.0869133861875016,0.9786032976513036,0.11084624553039332,0.0,93,0,0.03907563025210084,2380,93
SD5.csv,SD4.csv,diastolic_blood_pressure,43.765,30.635499999999997,56.8945,0.9029596713410706,1.190970191165673,1.2258739290916594,0.9961142242548989,0.001358695652173913,0.0012165450121654502,1,2,0.0012605042016806723,2380,3
SD5.csv,SD4.csv,pulse_rate,153.4475,107.41324999999999,199.48175,2.2078161839076453,3.1482980542176087,1.1797224695036204,0.9954127066479849,0.001652892561983471,0.01623931623931624,2,19,0.008823529411764706,2380,21
SD5.csv,SD8.csv,systolic_blood_pressure,98.885,69.2195,128.5505,1.375449229490693,1.6608782039907712,1.3865885817255257,0.36315452460283104,0.0,0.0,0,0,0.0,2614,0
SD5.csv,SD8.csv,diastolic_blood_pressure,78.045,54.631499999999996,101.4585,1.367076827080631,1.5932957649719668,1.9147013009813685,0.5555956942209559,0.0,0.0,0,0,0.0,2614,0
SD5.csv,SD8.csv,pulse_rate,250.6625,175.46374999999998,325.86125,2.3516044120525894,2.6562983887699088,0.8056116174722183,0.7780732521789437,0.0,0.0,0,0,0.0,2614,0
SD5.csv,SD2.csv,systolic_blood_pressure,61.1375,42.79625,79.47875,1.7160607480717278,2.276437694302512,1.9547598789320246,0.9938038623150208,0.0005977286312014345,0.0013837638376383763,1,3,0.001041395469929706,3841,4
SD5.csv,SD2.csv,diastolic_blood_pressure,40.27125,28.189875,52.352625,5.051185433611961,8.360244806543706,6.901454088738588,0.8894009539105422,0.027155465037338764,0.09121621621621621,40,216,0.06664931007550118,3841,256
SD5.csv,SD2.csv,pulse_rate,219.645,153.7515,285.5385,3.7637644248590965,5.398795578711648,2.1296855159214694,0.9949854753815394,0.011682242990654205,0.14513856270549555,20,309,0.0856547774017183,3841,329
SD5.csv,SD7.csv,systolic_blood_pressure,63.1775,44.22425,82.13075,4.531291198509583,5.670903201266638,4.626528792149029,0.944451646586421,0.3789954337899543,0.0,498,0,0.14418066010422698,3454,498
SD5.csv,SD7.csv,diastolic_blood_pressure,40.13,28.091,52.169000000000004,1.3075216433597425,2.0542146890556623,1.502591325170732,0.9923065279258064,0.05541346973572037,0.00526085050416484,65,12,0.022292993630573247,3454,77
SD5.csv,SD7.csv,pulse_rate,134.4675,94.12724999999999,174.80775,1.7574360399627245,2.172947035587091,0.8648966624370649,0.997933064626796,0.0011961722488038277,0.046982429335370515,1,123,0.03590040532715692,3454,124
SD5.csv,SD6.csv,systolic_blood_pressure,80.85,56.59499999999999,105.10499999999999,0.5766287163415272,0.7378096848370572,0.612826307716535,0.9883789724621463,0.000286368843069874,1.0,1,7,0.002286367533581023,3499,8
SD5.csv,SD6.csv,diastolic_blood_pressure,61.6525,43.15675,80.14825,0.5164960494345343,0.7010074579107881,0.7147125596061927,0.9885278127017528,0.029078665442301806,0.08620689655172414,95,20,0.03286653329522721,3499,115
SD5.csv,SD6.csv,pulse_rate,159.49,111.643,207.33700000000002,0.8848362148881265,1.1752077258121325,0.48945258463939467,0.9844231147267738,0.0,0.0,0,0,0.0,3499,0
SD5.csv,SD3.csv,systolic_blood_pressure,90.4225,63.29575,117.54925,2.227500229805301,2.495661679270471,2.6197137933195314,-0.5399707504065716,0.0,0.0,0,0,0.0,3883,0
SD5.csv,SD3.csv,diastolic_blood_pressure,71.385,49.969500000000004,92.80050000000001,1.080420371032762,1.3379806874643971,1.674268399767676,0.7065331531493917,0.0,0.0,0,0,0.0,3883,0
SD5.csv,SD3.csv,pulse_rate,271.2175,189.85224999999997,352.58275,1.0960845986562018,1.4395921964009255,0.4112546336253068,0.9834163664328099,0.0,0.0,0,0,0.0,3883,0
SD1.csv,SD5.csv,systolic_blood_pressure,99.2375,69.46624999999999,129.00875,1.0433614643013365,1.2667701282143966,1.00016727052672,0.8411237930166955,0.0,0.0,0,0,0.0,4474,0
SD1.csv,SD5.csv,diastolic_blood_pressure,71.205,49.8435,92.5665,2.522485725358495,2.6923209619554442,3.392871869575164,0.5017043997763224,0.0,0.0,0,0,0.0,4474,0
SD1.csv,SD5.csv,pulse_rate,241.2725,168.89075,313.65425000000005,3.182312809786841,3.4527661559150666,0.9678363831744825,0.9667780668234826,0.1187648456057007,0.0,100,0,0.022351363433169423,4474,100
SD1.csv,SD4.csv,systolic_blood_pressure,63.28,44.296,82.26400000000001,0.7848742204553941,1.093272327805845,0.8475056379047193,0.996322323319384,0.00834326579261025,0.0012978585334198572,7,2,0.003781512605042017,2380,9
SD1.csv,SD4.csv,diastolic_blood_pressure,43.765,30.635499999999997,56.8945,7.782751153897839,10.161508223975115,8.822446680423567,0.7171264793282428,0.03125,0.0006082725060827251,23,1,0.010084033613445379,2380,24
SD1.csv,SD4.csv,pulse_rate,153.4475,107.41324999999999,199.48175,10.296363817743895,16.352420740087542,4.1114688126170265,0.876243238158662,0.0008264462809917355,0.005128205128205128,1,6,0.0029411764705882353,2380,7
SD1.csv,SD8.csv,systolic_blood_pressure,98.885,69.2195,128.5505,1.5059585162675737,1.789159969917257,1.525343289354706,0.2609788941129809,0.0,0.0,0,0,0.0,2614,0
SD1.csv,SD8.csv,diastolic_blood_pressure,78.045,54.631499999999996,101.4585,1.3549485210252337,1.5867749568984717,1.8950600985523307,0.5592258365317029,0.0,0.0,0,0,0.0,2614,0
SD1.csv,SD8.csv,pulse_rate,250.6625,175.46374999999998,325.86125,15.62664910501073,15.90589142558817,5.320802580558715,-6.957414087834368,0.0,0.0,0,0,0.0,2614,0
SD1.csv,SD2.csv,systolic_blood_pressure,61.1375,42.79625,79.47875,1.659788082354207,2.3646465900341678,1.7040741660313004,0.9933143750875193,0.007172743574417215,0.0023062730627306273,12,5,0.0044259307472012495,3841,17
SD1.csv,SD2.csv,diastolic_blood_pressure,40.27125,28.189875,52.352625,2.388494213494557,3.409481251842966,3.2665605006844234,0.9816054145366182,0.0373387644263408,0.0059121621621621625,55,14,0.017964071856287425,3841,69
SD1.csv,SD2.csv,pulse_rate,219.645,153.7515,285.5385,6.254754036424433,7.972765475530024,2.2541407049268973,0.9890641138798262,0.0630841121495327,0.015969938938468764,108,34,0.036969539182504556,3841,142
SD1.csv,SD7.csv,systolic_blood_pressure,63.1775,44.22425,82.13075,3.509860666625128,5.328992276650318,2.9503189911743206,0.9509479792694672,0.0350076103500761,0.0009345794392523365,46,2,0.013896931094383324,3454,48
SD1.csv,SD7.csv,diastolic_blood_pressure,40.13,28.091,52.169000000000004,10.359608899256227,14.320756889734675,11.431214540477106,0.6260938010873576,0.1926683716965047,0.0,226,0,0.06543138390272148,3454,226
SD1.csv,SD7.csv,pulse_rate,134.4675,94.12724999999999,174.80775,2.71590188561524,3.374006884348691,1.160446817336192,0.9950166597004559,0.007177033492822967,0.014896867838044309,6,39,0.013028372900984365,3454,45
SD1.csv,SD6.csv,systolic_blood_pressure,80.85,56.59499999999999,105.10499999999999,1.352896736975771,1.5592869848954796,1.3925599951468828,0.9480951506588623,0.0,1.0,0,7,0.002000571591883395,3499,7
SD1.csv,SD6.csv,diastolic_blood_pressure,61.6525,43.15675,80.14825,1.030409368933116,1.2467229509217197,1.3828187701783228,0.9637138525517118,0.0,0.9913793103448276,0,230,0.06573306659045441,3499,230
SD1.csv,SD6.csv,pulse_rate,159.49,111.643,207.33700000000002,1.0556679393400905,1.384491348257554,0.5829253741059089,0.9783811873509709,0.0,0.0,0,0,0.0,3499,0
SD1.csv,SD3.csv,systolic_blood_pressure,90.4225,63.29575,117.54925,1.3841008518640447,1.719758657429913,1.6330652050523142,0.26873285769639876,0.0,0.0,0,0,0.0,3883,0
SD1.csv,SD3.csv,diastolic_blood_pressure,71.385,49.969500000000004,92.80050000000001,2.1445100024407777,2.3400190878609735,3.305566971305064,0.10236835199934546,0.0,0.0,0,0,0.0,3883,0
SD1.csv,SD3.csv,pulse_rate,271.2175,189.85224999999997,352.58275,1.98982274922212,2.3960730495459237,0.7486689156852955,0.9540589587664222,0.0,0.0,0,0,0.0,3883,0
SD4.csv,SD5.csv,systolic_blood_pressure,99.2375,69.46624999999999,129.00875,0.7127292498340019,0.8911909139096437,0.6798127862979093,0.9213670198402284,0.0,0.0,0,0,0.0,4474,0
SD4.csv,SD5.csv,diastolic_blood_pressure,71.205,49.8435,92.5665,0.670854281142827,0.8470271893091658,0.8913101362389436,0.950679429677841,0.0,0.0,0,0,0.0,4474,0
SD4.csv,SD5.csv,pulse_rate,241.2725,168.89075,313.65425000000005,9.994513391009601,10.278256244105494,2.9572159155194524,0.7056056642811506,0.40736342042755347,0.0,343,0,0.07666517657577113,4474,343
SD4.csv,SD1.csv,systolic_blood_pressure,45.1675,31.617249999999995,58.717749999999995,0.3916738908087649,0.5820517704721913,0.5263338338243116,0.9992909048486837,0.012282497441146366,0.014742785445420327,12,47,0.014165666266506602,4165,59
SD4.csv,SD1.csv,diastolic_blood_pressure,26.02,18.214,33.826,0.41641919359296453,0.6005768997349848,0.9203400074031552,0.9985009513428322,0.004282655246252677,0.04326663061114116,2,160,0.038895558223289314,4165,162
SD4.csv,SD1.csv,pulse_rate,143.7275,100.60924999999999,186.84575,1.185299761384046,1.5381490856556013,0.7612258223050702,0.9963919550984989,0.0005535566011624688,0.028985507246376812,2,16,0.004321728691476591,4165,18
SD4.csv,SD8.csv,systolic_blood_pressure,98.885,69.2195,128.5505,1.3325102207034987,1.5792522345278879,1.3461902418880531,0.42421347611187155,0.0,0.0,0,0,0.0,2614,0
SD4.csv,SD8.csv,diastolic_blood_pressure,78.045,54.631499999999996,101.4585,1.4385173245979432,1.721311314049397,2.026887639608633,0.4813142683899365,0.0,0.0,0,0,0.0,2614,0
SD4.csv,SD8.csv,pulse_rate,250.6625,175.46374999999998,325.86125,19.836427800967297,20.235226198304037,6.757505075622689,-11.878700933482152,0.0386381025248661,0.0,101,0,0.0386381025248661,2614,101
SD4.csv,SD2.csv,systolic_blood_pressure,61.1375,42.79625,79.47875,1.4837496516419648,2.0334672688974478,1.609438910190422,0.9950559381420724,0.0,0.0027675276752767526,0,6,0.0015620932048945586,3841,6
SD4.csv,SD2.csv,diastolic_blood_pressure,40.27125,28.189875,52.352625,1.2901421978708916,1.9008079656915287,1.9135187600541468,0.9942827145192245,0.008825526137135099,0.041385135135135136,13,98,0.028898724290549335,3841,111
SD4.csv,SD2.csv,pulse_rate,219.645,153.7515,285.5385,4.933176514879548,5.792484419689019,1.9190122313713291,0.9942274759720374,0.018691588785046728,0.04368248003757633,32,93,0.03254360843530331,3841,125
SD4.csv,SD7.csv,systolic_blood_pressure,63.1775,44.22425,82.13075,2.1795275080183303,3.138417041931868,1.9261520207801714,0.9829867208335729,0.0898021308980213,0.0032710280373831778,118,7,0.03618992472495657,3454,125
SD4.csv,SD7.csv,diastolic_blood_pressure,40.13,28.091,52.169000000000004,1.574439409363111,2.458027922812834,1.8624830098171186,0.9889844966951669,0.03751065643648764,0.014905743095133712,44,34,0.0225825130283729,3454,78
SD4.csv,SD7.csv,pulse_rate,134.4675,94.12724999999999,174.80775,2.526851338186082,3.3117923923158106,1.1086111879913845,0.995198744423429,0.0011961722488038277,0.03819709702062643,1,100,0.02924145917776491,3454,101
SD4.csv,SD6.csv,systolic_blood_pressure,80.85,56.59499999999999,105.10499999999999,0.7702826832185032,0.9815763961705815,0.8148030966743294,0.9794314328058833,0.006300114547537228,0.5714285714285714,22,4,0.007430694484138326,3499,26
SD4.csv,SD6.csv,diastolic_blood_pressure,61.6525,43.15675,80.14825,0.6322924703078531,0.7835483556690251,0.9002586166626738,0.9856671498899143,0.013161922252831344,0.04741379310344827,43,11,0.015432980851671906,3499,54
SD4.csv,SD6.csv,pulse_rate,159.49,111.643,207.33700000000002,1.3998867622543383,1.7555525539812227,0.7633849412236301,0.965240060208997,0.0,0.0,0,0,0.0,3499,0
SD4.csv,SD3.csv,systolic_blood_pressure,90.4225,63.29575,117.54925,0.7914854723124537,0.9830602070921683,0.9260328434768834,0.7610531637118382,0.0,0.0,0,0,0.0,3883,0
SD4.csv,SD3.csv,diastolic_blood_pressure,71.385,49.969500000000004,92.80050000000001,0.8251533026919978,0.9910650001815471,1.2666175475769217,0.8389860017404089,0.0,0.0,0,0,0.0,3883,0
SD4.csv,SD3.csv,pulse_rate,271.2175,189.85224999999997,352.58275,4.921786842473905,7.38683510703373,1.9329779733916357,0.5633660160745364,0.0,0.0,0,0,0.0,3883,0
SD8.csv,SD5.csv,systolic_blood_pressure,99.2375,69.46624999999999,129.00875,0.7574589711830026,0.9480616335101534,0.7212045732641871,0.9110109892340096,0.0,0.0,0,0,0.0,4474,0
SD8.csv,SD5.csv,diastolic_blood_pressure,71.205,49.8435,92.5665,0.7771668619591581,1.06200256239718,1.0503190804703366,0.9224673698896426,0.0,0.0,0,0,0.0,4474,0
SD8.csv,SD5.csv,pulse_rate,241.2725,168.89075,313.65425000000005,15.046002220457348,17.26024341560516,4.359271723367412,0.16979680483076098,0.0,0.06580396475770925,0,239,0.053419758605274925,4474,239
SD8.csv,SD1.csv,systolic_blood_pressure,45.1675,31.617249999999995,58.717749999999995,2.8724914907979793,3.108128166224025,4.245917670767014,0.9797800943608318,0.0,0.5094102885821832,0,1624,0.3899159663865546,4165,1624
SD8.csv,SD1.csv,diastolic_blood_pressure,26.02,18.214,33.826,2.799495173627208,3.1845491427288395,7.070521189267278,0.9578522502726194,0.0,0.35424553812871823,0,1310,0.31452581032412963,4165,1310
SD8.csv,SD1.csv,pulse_rate,143.7275,100.60924999999999,186.84575,5.1082174422503375,5.818535485251561,3.0534286199979213,0.9483699619789442,0.0,0.1956521739130435,0,108,0.025930372148859543,4165,108
SD8.csv,SD4.csv,systolic_blood_pressure,63.28,44.296,82.26400000000001,4.821906509719977,5.807119195603241,4.842927353779954,0.8962380044803273,0.10488676996424315,0.003244646333549643,88,5,0.03907563025210084,2380,93
SD8.csv,SD4.csv,diastolic_blood_pressure,43.765,30.635499999999997,56.8945,3.436961110967214,4.316825777749147,4.077911091421923,0.9489489131350363,0.03804347826086957,0.0,28,0,0.011764705882352941,2380,28
SD8.csv,SD4.csv,pulse_rate,153.4475,107.41324999999999,199.48175,1.4819677080426896,2.0358773142140416,0.7542350307587068,0.9980817374958166,0.0008264462809917355,0.006837606837606838,1,8,0.003781512605042017,2380,9
SD8.csv,SD2.csv,systolic_blood_pressure,61.1375,42.79625,79.47875,3.8075055589901847,4.866110655584009,4.2811117226568145,0.9716878086809771,0.0,0.008302583025830259,0,18,0.004686279614683676,3841,18
SD8.csv,SD2.csv,diastolic_blood_pressure,40.27125,28.189875,52.352625,2.5290801235239693,3.4080617853030355,4.241473868420463,0.9816207277537158,0.0,0.09670608108108109,0,229,0.05961989065347566,3841,229
SD8.csv,SD2.csv,pulse_rate,219.645,153.7515,285.5385,8.32772843436132,9.925257871174802,3.7244830517885283,0.9830519553719,0.0040887850467289715,0.1456082667919211,7,310,0.08253059099192918,3841,317
SD8.csv,SD7.csv,systolic_blood_pressure,63.1775,44.22425,82.13075,6.341154908057093,7.798618122526786,5.841382250611106,0.8949485549580318,0.0,0.09439252336448598,0,202,0.05848291835552982,3454,202
SD8.csv,SD7.csv,diastolic_blood_pressure,40.13,28.091,52.169000000000004,5.0641153299125135,6.935433825038333,6.390711731838818,0.9123043633358012,0.0,0.15212626041209995,0,347,0.10046323103647944,3454,347
SD8.csv,SD7.csv,pulse_rate,134.4675,94.12724999999999,174.80775,2.819109348458366,3.219879212177855,1.4649699328801662,0.9954615476847171,0.07535885167464115,0.0,63,0,0.01823972206137811,3454,63
SD8.csv,SD6.csv,systolic_blood_pressure,80.85,56.59499999999999,105.10499999999999,1.145526128279955,1.557676186932913,1.1885822448250443,0.9482023343155793,0.0,1.0,0,7,0.002000571591883395,3499,7
SD8.csv,SD6.csv,diastolic_blood_pressure,61.6525,43.15675,80.14825,0.6738849922260852,1.1041731330040223,0.9423599281621339,0.9715373519136719,0.022650749923477195,0.06896551724137931,74,16,0.02572163475278651,3499,90
SD8.csv,SD6.csv,pulse_rate,159.49,111.643,207.33700000000002,1.7204761706818577,2.004346822036767,0.9399850828842251,0.9546896841890548,0.0,0.0,0,0,0.0,3499,0
SD8.csv,SD3.csv,systolic_blood_pressure,90.4225,63.29575,117.54925,2.5182608133611253,2.8880871420640735,2.9687344940301443,-1.0623465150891187,0.0,0.0,0,0,0.0,3883,0
SD8.csv,SD3.csv,diastolic_blood_pressure,71.385,49.969500000000004,92.80050000000001,3.3768072037422994,4.038094552795356,5.273205416880249,-1.6730822604975262,0.0,0.0,0,0,0.0,3883,0
SD8.csv,SD3.csv,pulse_rate,271.2175,189.85224999999997,352.58275,0.9180192733713564,1.3142469464164246,0.3438447257173086,0.9861785158947173,0.0,0.0,0,0,0.0,3883,0
SD2.csv,SD5.csv,systolic_blood_pressure,99.2375,69.46624999999999,129.00875,0.68820506416904,0.8598365533414054,0.6556443068770689,0.9268027031032906,0.0,0.0,0,0,0.0,4474,0
SD2.csv,SD5.csv,diastolic_blood_pressure,71.205,49.8435,92.5665,0.6565760670893417,0.8196883240926247,0.8756828857142333,0.9538118162172636,0.0,0.0,0,0,0.0,4474,0
SD2.csv,SD5.csv,pulse_rate,241.2725,168.89075,313.65425000000005,1.5569896126731357,1.8079285673214323,0.46702243320778153,0.9908913691293485,0.019002375296912115,0.0024779735682819385,16,9,0.005587840858292356,4474,25
SD2.csv,SD1.csv,systolic_blood_pressure,45.1675,31.617249999999995,58.717749999999995,0.5053417910132803,0.7509666955723886,0.6436291174302712,0.9988196178304242,0.016376663254861822,0.00533249686323714,16,17,0.007923169267707083,4165,33
SD2.csv,SD1.csv,diastolic_blood_pressure,26.02,18.214,33.826,0.6092886657662507,0.7828779083278842,1.4267749549661286,0.9974527793992829,0.0021413276231263384,0.062195781503515415,1,230,0.05546218487394958,4165,231
SD2.csv,SD1.csv,pulse_rate,143.7275,100.60924999999999,186.84575,3.2781519547516274,3.6829739245336515,2.170209373527536,0.9793141982363651,0.0016606698034874066,0.0018115942028985507,6,1,0.0016806722689075631,4165,7
SD2.csv,SD4.csv,systolic_blood_pressure,63.28,44.296,82.26400000000001,0.9081670376433044,1.3267690422349283,1.0026247040892093,0.9945836403555374,0.007151370679380214,0.001946787800129786,6,3,0.003781512605042017,2380,9
SD2.csv,SD4.csv,diastolic_blood_pressure,43.765,30.635499999999997,56.8945,1.050647104086996,1.3058966804046337,1.525795052371447,0.9953280994913668,0.001358695652173913,0.0018248175182481751,1,3,0.0016806722689075631,2380,4
SD2.csv,SD4.csv,pulse_rate,153.4475,107.41324999999999,199.48175,5.803272272959477,6.434889257843391,2.783724403021072,0.9808359636378563,0.0008264462809917355,0.01452991452991453,1,17,0.007563025210084034,2380,18
SD2.csv,SD8.csv,systolic_blood_pressure,98.885,69.2195,128.5505,1.347707962935082,1.5945432499034797,1.3649189110055424,0.41300945911697706,0.0,0.0,0,0,0.0,2614,0
SD2.csv,SD8.csv,diastolic_blood_pressure,78.045,54.631499999999996,101.4585,1.8508242057677708,2.2768887704868646,2.5471742246170095,0.0924530848000219,0.0,0.0,0,0,0.0,2614,0
SD2.csv,SD8.csv,pulse_rate,250.6625,175.46374999999998,325.86125,1.0392311522316733,1.5550154288702212,0.35525632244150734,0.9239454263394398,0.0,0.0,0,0,0.0,2614,0
SD2.csv,SD7.csv,systolic_blood_pressure,63.1775,44.22425,82.13075,1.1074909680691771,1.3633396442193295,1.2126231805970893,0.996789483924888,0.01141552511415525,0.007009345794392523,15,15,0.008685581933989578,3454,30
SD2.csv,SD7.csv,diastolic_blood_pressure,40.13,28.091,52.169000000000004,0.9434684406627308,1.221165948582794,1.3293155501574647,0.9972811822757318,0.01278772378516624,0.01972818939061815,15,45,0.017371163867979156,3454,60
SD2.csv,SD7.csv,pulse_rate,134.4675,94.12724999999999,174.80775,2.0397300256354725,2.618799343650067,0.8596687828116838,0.9969978453308711,0.014354066985645933,0.006493506493506494,12,17,0.008396062536189925,3454,29
SD2.csv,SD6.csv,systolic_blood_pressure,80.85,56.59499999999999,105.10499999999999,1.6731464312941253,1.9617299250310591,1.8279960557891817,0.9178449506182156,0.00859106529209622,0.0,30,0,0.008573878250928837,3499,30
SD2.csv,SD6.csv,diastolic_blood_pressure,61.6525,43.15675,80.14825,0.44977784899515094,0.6166037927257388,0.6586038809767972,0.9911240808931681,0.014692378328741965,0.04310344827586207,48,10,0.016576164618462418,3499,58
SD2.csv,SD6.csv,pulse_rate,159.49,111.643,207.33700000000002,4.890355300140163,5.017846581863045,2.701330358049156,0.7160210799545539,0.0,0.0,0,0,0.0,3499,0
SD2.csv,SD3.csv,systolic_blood_pressure,90.4225,63.29575,117.54925,0.7865310853638355,0.9559333402612432,0.9194221297269465,0.7740583641591285,0.0,0.0,0,0,0.0,3883,0
SD2.csv,SD3.csv,diastolic_blood_pressure,71.385,49.969500000000004,92.80050000000001,1.5726132683922205,1.9283697138776723,2.4531324024322294,0.39040701560962887,0.0,0.0,0,0,0.0,3883,0
SD2.csv,SD3.csv,pulse_rate,271.2175,189.85224999999997,352.58275,3.377952180754853,4.3233645461868955,1.3152080830359365,0.8504300188300963,0.0,0.0,0,0,0.0,3883,0
SD7.csv,SD5.csv,systolic_blood_pressure,99.2375,69.46624999999999,129.00875,0.9879894162801743,1.2236517307450023,0.9463157198582607,0.8517553963996829,0.0,0.0,0,0,0.0,4474,0
SD7.csv,SD5.csv,diastolic_blood_pressure,71.205,49.8435,92.5665,2.053359915435341,2.235365530586682,2.759754443157977,0.6564970374245935,0.0,0.0,0,0,0.0,4474,0
SD7.csv,SD5.csv,pulse_rate,241.2725,168.89075,313.65425000000005,7.458561685397575,7.817948408218872,2.196323289906284,0.8296758742317342,0.0,0.015969162995594713,0,58,0.012963790791238265,4474,58
SD7.csv,SD1.csv,systolic_blood_pressure,45.1675,31.617249999999995,58.717749999999995,0.7717470536447937,0.8711752788219608,1.1841382328256542,0.998411481150365,0.2599795291709314,0.0,254,0,0.060984393757503,4165,254
SD7.csv,SD1.csv,diastolic_blood_pressure,26.02,18.214,33.826,1.6426595259685906,1.8601243852413782,3.6767798765514024,0.9856198818403956,0.24839400428265523,0.0,116,0,0.027851140456182474,4165,116
SD7.csv,SD1.csv,pulse_rate,143.7275,100.60924999999999,186.84575,1.0472575175089567,1.4389018227824224,0.6330683989893867,0.9968425433561864,0.0,0.057971014492753624,0,32,0.007683073229291717,4165,32
SD7.csv,SD4.csv,systolic_blood_pressure,63.28,44.296,82.26400000000001,1.1676576678492443,1.590843791634545,1.2209144432696706,0.9922129688938673,0.0011918951132300357,0.007787151200519144,1,12,0.0054621848739495795,2380,13
SD7.csv,SD4.csv,diastolic_blood_pressure,43.765,30.635499999999997,56.8945,1.2457448526590813,1.6072596248595825,1.752699436585912,0.9929230191551012,0.001358695652173913,0.0012165450121654502,1,2,0.0012605042016806723,2380,3
SD7.csv,SD4.csv,pulse_rate,153.4475,107.41324999999999,199.48175,1.2260420086003152,1.9177139529790925,0.6373052303551938,0.9982979493179223,0.001652892561983471,0.002564102564102564,2,3,0.0021008403361344537,2380,5
SD7.csv,SD8.csv,systolic_blood_pressure,98.885,69.2195,128.5505,1.742151722984635,2.1556307882761634,1.7727565697794239,-0.07277156059379908,0.0,0.0,0,0,0.0,2614,0
SD7.csv,SD8.csv,diastolic_blood_pressure,78.045,54.631499999999996,101.4585,1.5676724055201932,1.9924150884696588,2.2223036562251046,0.3050635386163989,0.0,0.0,0,0,0.0,2614,0
SD7.csv,SD8.csv,pulse_rate,250.6625,175.46374999999998,325.86125,1.3136627500806952,1.7177353255676377,0.44907927429158395,0.9071956303112814,0.0,0.0,0,0,0.0,2614,0
SD7.csv,SD2.csv,systolic_blood_pressure,61.1375,42.79625,79.47875,0.9626506017850296,1.3460026664275633,1.0210332783282736,0.9978337859733004,0.0005977286312014345,0.0018450184501845018,1,4,0.0013017443374121322,3841,5
SD7.csv,SD2.csv,diastolic_blood_pressure,40.27125,28.189875,52.352625,1.047742961316455,1.5114319218168137,1.6146114417692505,0.9963851475713112,0.0027155465037338763,0.010557432432432432,4,25,0.007550117156990367,3841,29
SD7.csv,SD2.csv,pulse_rate,219.645,153.7515,285.5385,5.859487003722684,7.266058767409916,2.094287201095737,0.9909169059125786,0.007593457943925234,0.050258337247534056,13,107,0.031241864097891175,3841,120
SD7.csv,SD6.csv,systolic_blood_pressure,80.85,56.59499999999999,105.10499999999999,2.242690848159463,2.5809135671038534,2.3156350825236336,0.8577989680332485,0.0882016036655212,0.0,308,0,0.08802515004286939,3499,308
SD7.csv,SD6.csv,diastolic_blood_pressure,61.6525,43.15675,80.14825,0.8339530615576269,1.0353110877355916,1.1651247741725845,0.9749768094923303,0.012243648607284972,0.04310344827586207,40,10,0.014289797084881395,3499,50
SD7.csv,SD6.csv,pulse_rate,159.49,111.643,207.33700000000002,1.3345343935111482,1.7044019641691692,0.7240688517327507,0.9672361146462739,0.0,0.0,0,0,0.0,3499,0
SD7.csv,SD3.csv,systolic_blood_pressure,90.4225,63.29575,117.54925,1.1550931849493185,1.3952182360556162,1.3403285454641576,0.5186894966329867,0.0,0.0,0,0,0.0,3883,0
SD7.csv,SD3.csv,diastolic_blood_pressure,71.385,49.969500000000004,92.80050000000001,1.0584707788177106,1.3183604426930835,1.629326319186801,0.7150768852899501,0.0,0.0,0,0,0.0,3883,0
SD7.csv,SD3.csv,pulse_rate,271.2175,189.85224999999997,352.58275,1.9370904019159538,2.246909155491884,0.7250791653250775,0.9596008941401262,0.0,0.0,0,0,0.0,3883,0
SD6.csv,SD5.csv,systolic_blood_pressure,99.2375,69.46624999999999,129.00875,0.7010148124711877,0.8815550684442726,0.6677571584069344,0.9230582377601129,0.0,0.0,0,0,0.0,4474,0
SD6.csv,SD5.csv,diastolic_blood_pressure,71.205,49.8435,92.5665,0.65592560237361,0.8364253204006358,0.8750746839674994,0.9519063509230951,0.0,0.0,0,0,0.0,4474,0
SD6.csv,SD5.csv,pulse_rate,241.2725,168.89075,313.65425000000005,9.415306770007525,10.38937041553527,2.743527007676094,0.6992060967223233,0.0,0.01486784140969163,0,54,0.012069736253911488,4474,54
SD6.csv,SD1.csv,systolic_blood_pressure,45.1675,31.617249999999995,58.717749999999995,0.3592204524632118,0.6313868079736454,0.4358579823181706,0.9991656038456835,0.016376663254861822,0.00533249686323714,16,17,0.007923169267707083,4165,33
SD6.csv,SD1.csv,diastolic_blood_pressure,26.02,18.214,33.826,0.26850723178325,0.4996607022812185,0.5361965929374243,0.9989624026106662,0.021413276231263382,0.005949161709031909,10,22,0.007683073229291717,4165,32
SD6.csv,SD1.csv,pulse_rate,143.7275,100.60924999999999,186.84575,1.8640604209212983,3.381739580042143,1.0843762927326825,0.9825596421651746,0.0,0.028985507246376812,0,16,0.0038415366146458585,4165,16
SD6.csv,SD4.csv,systolic_blood_pressure,63.28,44.296,82.26400000000001,0.7981650697083033,1.1669739861218478,0.8191059430007277,0.995809757237585,0.0023837902264600714,0.001946787800129786,2,3,0.0021008403361344537,2380,5
SD6.csv,SD4.csv,diastolic_blood_pressure,43.765,30.635499999999997,56.8945,0.7601889778585995,1.0151426892939075,1.176354728134498,0.9971768748403741,0.001358695652173913,0.011557177615571776,1,19,0.008403361344537815,2380,20
SD6.csv,SD4.csv,pulse_rate,153.4475,107.41324999999999,199.48175,12.747196870691637,18.226481534313834,5.169802828573367,0.8462516330514549,0.0008264462809917355,0.013675213675213675,1,16,0.007142857142857143,2380,17
SD6.csv,SD8.csv,systolic_blood_pressure,98.885,69.2195,128.5505,1.5224889129195034,1.8084599220927438,1.5385627212225268,0.24494902394979756,0.0,0.0,0,0,0.0,2614,0
SD6.csv,SD8.csv,diastolic_blood_pressure,78.045,54.631499999999996,101.4585,1.5990411923327514,1.8757948093132133,2.2406114987029966,0.38403488876675296,0.0,0.0,0,0,0.0,2614,0
SD6.csv,SD8.csv,pulse_rate,250.6625,175.46374999999998,325.86125,9.125601735658654,9.386203763788556,3.10587001685635,-1.77099592602084,0.0,0.0,0,0,0.0,2614,0
SD6.csv,SD2.csv,systolic_blood_pressure,61.1375,42.79625,79.47875,1.8292732723427763,2.6112656345453193,1.8400020169937379,0.9918471091187674,0.0,0.0018450184501845018,0,4,0.001041395469929706,3841,4
SD6.csv,SD2.csv,diastolic_blood_pressure,40.27125,28.189875,52.352625,1.5461105030857316,2.0455190156829626,2.6184080730979624,0.9933790480806548,0.0,0.09121621621621621,0,216,0.05623535537620411,3841,216
SD6.csv,SD2.csv,pulse_rate,219.645,153.7515,285.5385,1.773562200179295,2.4048859923224817,0.8664908164066232,0.9990049956345534,0.005257009345794392,0.05495537811178957,9,117,0.032803957302785736,3841,126
SD6.csv,SD7.csv,systolic_blood_pressure,63.1775,44.22425,82.13075,1.5501669092404753,2.03387621213403,1.3829396462709336,0.9928547775296357,0.01902587519025875,0.004672897196261682,25,10,0.01013317892298784,3454,35
SD6.csv,SD7.csv,diastolic_blood_pressure,40.13,28.091,52.169000000000004,0.7142755058920307,1.048878030218866,0.8925986547500736,0.9979942319991644,0.027280477408354646,0.00657606313020605,32,15,0.01360741169658367,3454,47
SD6.csv,SD7.csv,pulse_rate,134.4675,94.12724999999999,174.80775,11.698890186833314,16.80797293392907,4.465831224547403,0.8763314421428272,0.014354066985645933,0.009167303284950344,12,24,0.010422698320787493,3454,36
SD6.csv,SD3.csv,systolic_blood_pressure,90.4225,63.29575,117.54925,0.7826063935670109,0.9437726492779492,0.9139336160379581,0.7797703312393207,0.0,0.0,0,0,0.0,3883,0
SD6.csv,SD3.csv,diastolic_blood_pressure,71.385,49.969500000000004,92.80050000000001,0.8435999486914867,0.9932097496743618,1.2885299915022952,0.8382883515197763,0.0,0.0,0,0,0.0,3883,0
SD6.csv,SD3.csv,pulse_rate,271.2175,189.85224999999997,352.58275,1.2837738147139273,1.6649194037534807,0.481071814182663,0.9778186918616475,0.0,0.0,0,0,0.0,3883,0
SD3.csv,SD5.csv,systolic_blood_pressure,99.2375,69.46624999999999,129.00875,1.333892431757948,1.5694991940501424,1.2824506432785632,0.7561148093753551,0.0,0.0,0,0,0.0,4474,0
SD3.csv,SD5.csv,diastolic_blood_pressure,71.205,49.8435,92.5665,1.357669572825937,1.6590679499171075,1.7865072988984125,0.8107823106702718,0.0,0.0,0,0,0.0,4474,0
SD3.csv,SD5.csv,pulse_rate,241.2725,168.89075,313.65425000000005,15.728354763121386,17.18952883479559,4.5877512177114586,0.17658549353585673,0.0,0.12637665198237885,0,459,0.10259275815824766,4474,459
SD3.csv,SD1.csv,systolic_blood_pressure,45.1675,31.617249999999995,58.717749999999995,1.2533213108241343,1.4624932419922607,1.7071647565050756,0.9955231862941077,0.0,0.10853199498117942,0,346,0.08307322929171669,4165,346
SD3.csv,SD1.csv,diastolic_blood_pressure,26.02,18.214,33.826,0.9543806572922138,1.0827746210589948,2.3231432751563266,0.9951274689196373,0.0021413276231263384,0.0646295294753921,1,239,0.057623049219687875,4165,240
SD3.csv,SD1.csv,pulse_rate,143.7275,100.60924999999999,186.84575,2.620590700879961,3.3264653928598538,1.6122326297857899,0.9831251046007673,0.0,0.12318840579710146,0,68,0.0163265306122449,4165,68
SD3.csv,SD4.csv,systolic_blood_pressure,63.28,44.296,82.26400000000001,2.6910758523380056,3.458476228547226,2.573930745632463,0.9631967285789272,0.007151370679380214,0.0012978585334198572,6,2,0.0033613445378151263,2380,8
SD3.csv,SD4.csv,diastolic_blood_pressure,43.765,30.635499999999997,56.8945,2.3316699244395025,2.8910223778938366,2.8394479506032666,0.977102985642565,0.001358695652173913,0.015815085158150853,1,26,0.01134453781512605,2380,27
SD3.csv,SD4.csv,pulse_rate,153.4475,107.41324999999999,199.48175,3.115228752328568,4.135388809461765,1.599507834689153,0.992085244048192,0.0008264462809917355,0.023931623931623933,1,28,0.012184873949579832,2380,29
SD3.csv,SD8.csv,systolic_blood_pressure,98.885,69.2195,128.5505,1.3810816197880553,1.6850208700332552,1.4038537190597298,0.34450548120019564,0.0,0.0,0,0,0.0,2614,0
SD3.csv,SD8.csv,diastolic_blood_pressure,78.045,54.631499999999996,101.4585,1.5047755077219045,1.761561747394627,2.1033772943863958,0.45677318895125485,0.0,0.0,0,0,0.0,2614,0
SD3.csv,SD8.csv,pulse_rate,250.6625,175.46374999999998,325.86125,8.236975240087181,9.52463796344233,2.7839857168392146,-1.8533357975972566,0.0,0.0,0,0,0.0,2614,0
SD3.csv,SD2.csv,systolic_blood_pressure,61.1375,42.79625,79.47875,7.339512822777615,9.565577492107357,6.841622965438172,0.8905963247047092,0.0,0.0023062730627306273,0,5,0.0013017443374121322,3841,5
SD3.csv,SD2.csv,diastolic_blood_pressure,40.27125,28.189875,52.352625,4.727413257935556,5.957049608677366,7.023171015050879,0.9438466299826513,0.0,0.09206081081081081,0,218,0.056756053111168964,3841,218
SD3.csv,SD2.csv,pulse_rate,219.645,153.7515,285.5385,6.373360913670705,7.779718341057106,3.0764969143759884,0.9895872905896006,0.0,0.15406294034758103,0,328,0.08539442853423587,3841,328
SD3.csv,SD7.csv,systolic_blood_pressure,63.1775,44.22425,82.13075,6.745040187824649,8.84177310767606,5.805644647813248,0.8649652782977482,0.02663622526636225,0.003738317757009346,35,8,0.012449334105385061,3454,43
SD3.csv,SD7.csv,diastolic_blood_pressure,40.13,28.091,52.169000000000004,4.776003766349788,6.439450444915014,5.690914914098564,0.9243988621912793,0.0,0.06532222709338009,0,149,0.04313839027214823,3454,149
SD3.csv,SD7.csv,pulse_rate,134.4675,94.12724999999999,174.80775,6.384356637324083,7.958576728747441,3.430960683340972,0.9722732203122185,0.0,0.26279602750190983,0,688,0.19918934568616098,3454,688
SD3.csv,SD6.csv,systolic_blood_pressure,80.85,56.59499999999999,105.10499999999999,0.9242389784706903,1.235553571880473,0.9467098024474199,0.9674104031500711,0.0,1.0,0,7,0.002000571591883395,3499,7
SD3.csv,SD6.csv,diastolic_blood_pressure,61.6525,43.15675,80.14825,1.096984875273725,1.4731143598265048,1.451800069864184,0.9493389860075502,0.0,1.0,0,232,0.06630465847384967,3499,232
SD3.csv,SD6.csv,pulse_rate,159.49,111.643,207.33700000000002,5.864193606969458,6.361866664577376,3.181746086382374,0.5435213489246181,0.0,0.0,0,0,0.0,3499,0
